medicine_name,generic_name,drug_class,atc_code,common_indications
paracetamol,acetaminophen,Analgesic / Antipyretic,N02BE01,"Fever, Pain, Headache"
acetaminophen,acetaminophen,Analgesic / Antipyretic,N02BE01,"Fever, Pain, Headache"
aspirin,acetylsalicylic acid,Antiplatelet / NSAID,N02BA01,"Pain, Inflammation, Prevention of Cardiovascular Disease"
ibuprofen,ibuprofen,NSAID,M01AE01,"Pain, Inflammation, Fever, Arthritis"
naproxen,naproxen,NSAID,M01AE02,"Pain, Arthritis, Inflammation"
amoxicillin,amoxicillin,Beta-lactam Antibiotic,J01CA04,"Bacterial Infection, Respiratory Tract Infection, Otitis"
azithromycin,azithromycin,Macrolide Antibiotic,J01FA10,"Respiratory Infection, Pneumonia, Bronchitis"
ciprofloxacin,ciprofloxacin,Fluoroquinolone Antibiotic,J01MA02,"Urinary Tract Infection, Bacterial Infection"
doxycycline,doxycycline,Tetracycline Antibiotic,J01AA02,"Bacterial Infection, Pneumonia, Lyme Disease"
metformin,metformin,Biguanide Antidiabetic,A10BA02,"Type 2 Diabetes Mellitus"
atorvastatin,atorvastatin,HMG-CoA Reductase Inhibitor (Statin),C10AA05,"Hypercholesterolemia, Cardiovascular Prevention"
rosuvastatin,rosuvastatin,HMG-CoA Reductase Inhibitor (Statin),C10AA07,"Hyperlipidemia, Dyslipidemia"
lisinopril,lisinopril,ACE Inhibitor,C09AA03,"Hypertension, Heart Failure, Post-Myocardial Infarction"
amlodipine,amlodipine,Calcium Channel Blocker,C08CA01,"Hypertension, Angina Pectoris"
losartan,losartan,Angiotensin II Receptor Blocker (ARB),C09CA01,"Hypertension, Diabetic Nephropathy"
metoprolol,metoprolol,Beta-1 Selective Adrenoceptor Blocker,C07AB02,"Hypertension, Angina, Heart Failure"
atenolol,atenolol,Beta-1 Selective Adrenoceptor Blocker,C07AB03,"Hypertension, Angina, Arrhythmia"
omeprazole,omeprazole,Proton Pump Inhibitor (PPI),A02BC01,"GERD, Peptic Ulcer Disease, Gastritis"
pantoprazole,pantoprazole,Proton Pump Inhibitor (PPI),A02BC02,"GERD, Peptic Ulcer, Gastric Acid Hypersecretion"
esomeprazole,esomeprazole,Proton Pump Inhibitor (PPI),A02BC05,"GERD, Gastric Ulcers"
salbutamol,albuterol,Short-acting Beta-2 Agonist,R03AC02,"Asthma, Bronchospasm, COPD"
albuterol,albuterol,Short-acting Beta-2 Agonist,R03AC02,"Asthma, Bronchospasm, COPD"
fluticasone,fluticasone,Inhaled Corticosteroid,R03BA05,"Asthma, Allergic Rhinitis, COPD"
budesonide,budesonide,Inhaled Corticosteroid,R03BA02,"Asthma, COPD, Inflammatory Bowel Disease"
prednisone,prednisone,Systemic Corticosteroid,H02AB07,"Inflammatory Conditions, Autoimmune Diseases, Asthma"
dexamethasone,dexamethasone,Systemic Corticosteroid,H02AB02,"Severe Inflammation, Allergic Reactions, Cerebral Edema"
hydrochlorothiazide,hydrochlorothiazide,Thiazide Diuretic,C03AA03,"Hypertension, Edema"
furosemide,furosemide,Loop Diuretic,C03CA01,"Heart Failure, Edema, Renal Disease"
spironolactone,spironolactone,Potassium-sparing Diuretic / Aldosterone Antagonist,C03DA01,"Heart Failure, Hypertension, Hyperaldosteronism"
clopidogrel,clopidogrel,Antiplatelet,B01AC04,"Atherosclerosis, Myocardial Infarction, Stroke Prevention"
warfarin,warfarin,Vitamin K Antagonist Anticoagulant,B01AA03,"Thromboembolism, Atrial Fibrillation, Deep Vein Thrombosis"
heparin,heparin,Anticoagulant,B01AB01,"Thrombosis, Pulmonary Embolism, Coagulation Control"
apixaban,apixaban,Direct Factor Xa Inhibitor,B01AF02,"Atrial Fibrillation, Deep Vein Thrombosis, Pulmonary Embolism"
levothyroxine,levothyroxine,Thyroid Hormone Replacement,H03AA01,"Hypothyroidism, Myxedema"
sertraline,sertraline,SSRI Antidepressant,N06AB06,"Major Depressive Disorder, Panic Disorder, OCD"
fluoxetine,fluoxetine,SSRI Antidepressant,N06AB03,"Depression, Bulimia, Panic Disorder"
citalopram,citalopram,SSRI Antidepressant,N06AB04,"Major Depressive Disorder"
alprazolam,alprazolam,Benzodiazepine,N05BA12,"Anxiety Disorders, Panic Disorder"
diazepam,diazepam,Benzodiazepine,N05BA01,"Anxiety, Muscle Spasms, Seizures"
lorazepam,lorazepam,Benzodiazepine,N05BA06,"Anxiety, Insomnia, Status Epilepticus"
gabapentin,gabapentin,Anticonvulsant / Neuropathic Pain Agent,N02BF01,"Neuropathic Pain, Partial Seizures"
pregabalin,pregabalin,Anticonvulsant / Neuropathic Pain Agent,N02BF02,"Neuropathic Pain, Generalized Anxiety Disorder"
tramadol,tramadol,Opioid Analgesic,N02AJ13,"Moderate to Severe Pain"
morphine,morphine,Opioid Analgesic,N02AA01,"Severe Acute and Chronic Pain"
fentanyl,fentanyl,Opioid Analgesic,N02AB03,"Severe Chronic and Breakthrough Pain"
codeine,codeine,Opioid Analgesic / Antitussive,R05DA04,"Mild to Moderate Pain, Cough Suppression"
clonidine,clonidine,Centrally Acting Alpha-2 Agonist,C02AC01,"Hypertension, ADHD, Withdrawal Symptoms"
naloxone,naloxone,Opioid Receptor Antagonist,V03AB15,"Opioid Overdose Reversal"
lidocaine,lidocaine,Local Anesthetic / Antiarrhythmic,N01BB02,"Local Anesthesia, Ventricular Arrhythmias"
digoxin,digoxin,Cardiac Glycoside,C01AA05,"Heart Failure, Atrial Fibrillation"
methotrexate,methotrexate,Antimetabolite / DMARD,L01BA01,"Rheumatoid Arthritis, Psoriasis, Neoplasms"
ceftriaxone,ceftriaxone,Third-generation Cephalosporin,J01DD04,"Bacterial Meningitis, Pneumonia, Sepsis"
vancomycin,vancomycin,Glycopeptide Antibiotic,J01XA01,"MRSA Infections, Enterocolitis, Sepsis"
acyclovir,acyclovir,Antiviral,J05AB01,"Herpes Simplex, Varicella Zoster"
oseltamivir,oseltamivir,Neuraminidase Inhibitor Antiviral,J05AH02,"Influenza A and B"
insulin,insulin regular,Antidiabetic Hormone,A10AB01,"Type 1 and Type 2 Diabetes Mellitus"
glipizide,glipizide,Sulfonylurea Antidiabetic,A10BB07,"Type 2 Diabetes Mellitus"
ranitidine,ranitidine,H2 Receptor Antagonist,A02BA02,"GERD, Peptic Ulcers"
montelukast,montelukast,Leukotriene Receptor Antagonist,R03DC03,"Asthma, Allergic Rhinitis"
cetirizine,cetirizine,Second-generation Antihistamine,R06AE07,"Allergic Rhinitis, Urticaria"
loratadine,loratadine,Second-generation Antihistamine,R06AX13,"Allergic Rhinitis, Allergies"
diphenhydramine,diphenhydramine,First-generation Antihistamine,R06AA02,"Allergic Reactions, Insomnia, Motion Sickness"
ondansetron,ondansetron,5-HT3 Receptor Antagonist Antiemetic,A04AA01,"Nausea, Vomiting"
metoclopramide,metoclopramide,Dopamine Receptor Antagonist,A03FA01,"Nausea, Gastroparesis, GERD"
simvastatin,simvastatin,HMG-CoA Reductase Inhibitor,C10AA01,"Hyperlipidemia, Cardiovascular Risk"
warfarin sodium,warfarin,Anticoagulant,B01AA03,"Anticoagulation, Stroke Prevention"
